Time,Temperature,MeltedFraction,Stage,OxideThickness,MassMg,MassMgO,MassC
0,300,0,heating_and_melting,0,2.74013701068772e-10,0,0
0.0001,301.652542673456,0,heating_and_melting,0,2.74013701068772e-10,0,0
0.0002,303.304645024463,0,heating_and_melting,0,2.74013701068772e-10,0,0
0.0003,304.956306511677,0,heating_and_melting,0,2.74013701068772e-10,0,0
0.0004,306.60752658721,0,heating_and_melting,0,2.74013701068772e-10,0,0
0.0005,308.258304696593,0,heating_and_melting,0,2.74013701068772e-10,0,0
0.0006,309.908640278782,0,heating_and_melting,0,2.74013701068772e-10,0,0
0.0007,311.558532764774,0,heating_and_melting,0,2.74013701068772e-10,0,0
0.0008,313.207981579766,0,heating_and_melting,0,2.74013701068772e-10,0,0
0.0009,314.856986143883,0,heating_and_melting,0,2.74013701068772e-10,0,0
0.001,316.505545870312,0,heating_and_melting,0,2.74013701068772e-10,0,0
0.0011,318.153660165302,0,heating_and_melting,0,2.74013701068772e-10,0,0
0.0012,319.801328428167,0,heating_and_melting,0,2.74013701068772e-10,0,0
0.0013,321.448550051279,0,heating_and_melting,0,2.74013701068772e-10,0,0
0.0014,323.095324420079,0,heating_and_melting,0,2.74013701068772e-10,0,0
0.0015,324.741650913065,0,heating_and_melting,0,2.74013701068772e-10,0,0
0.0016,326.3875289018,0,heating_and_melting,0,2.74013701068772e-10,0,0
0.0017,328.03295775091,0,heating_and_melting,0,2.74013701068772e-10,0,0
0.0018,329.677936818084,0,heating_and_melting,0,2.74013701068772e-10,0,0
0.0019,331.322465454072,0,heating_and_melting,0,2.74013701068772e-10,0,0
0.002,332.966543002687,0,heating_and_melting,0,2.74013701068772e-10,0,0
0.0021,334.610168800805,0,heating_and_melting,0,2.74013701068772e-10,0,0
0.0022,336.253342178366,0,heating_and_melting,0,2.74013701068772e-10,0,0
0.0023,337.896062458371,0,heating_and_melting,0,2.74013701068772e-10,0,0
0.0024,339.538328956883,0,heating_and_melting,0,2.74013701068772e-10,0,0
0.0025,341.18014098303,0,heating_and_melting,0,2.74013701068772e-10,0,0
0.0026,342.821497839,0,heating_and_melting,0,2.74013701068772e-10,0,0
0.0027,344.462398820046,0,heating_and_melting,0,2.74013701068772e-10,0,0
0.0028,346.102843214482,0,heating_and_melting,0,2.74013701068772e-10,0,0
0.0029,347.742830303686,0,heating_and_melting,0,2.74013701068772e-10,0,0
0.003,349.382359362097,0,heating_and_melting,0,2.74013701068772e-10,0,0
0.0031,351.021429657218,0,heating_and_melting,0,2.74013701068772e-10,0,0
0.0032,352.660040391495,0,heating_and_melting,0,2.74013701068772e-10,0,0
0.0033,354.298190768741,0,heating_and_melting,0,2.74013701068772e-10,0,0
0.0034,355.935880047292,0,heating_and_melting,0,2.74013701068772e-10,0,0
0.0035,357.573107477471,0,heating_and_melting,0,2.74013701068772e-10,0,0
0.0036,359.209872301584,0,heating_and_melting,0,2.74013701068772e-10,0,0
0.0037,360.846173753921,0,heating_and_melting,0,2.74013701068772e-10,0,0
0.0038,362.482011060757,0,heating_and_melting,0,2.74013701068772e-10,0,0
0.0039,364.117383440349,0,heating_and_melting,0,2.74013701068772e-10,0,0
0.004,365.752290102941,0,heating_and_melting,0,2.74013701068772e-10,0,0
0.0041,367.386730250761,0,heating_and_melting,0,2.74013701068772e-10,0,0
0.0042,369.020703078018,0,heating_and_melting,0,2.74013701068772e-10,0,0
0.0043,370.65420777091,0,heating_and_melting,0,2.74013701068772e-10,0,0
0.0044,372.287243507616,0,heating_and_melting,0,2.74013701068772e-10,0,0
0.0045,373.9198094583,0,heating_and_melting,0,2.74013701068772e-10,0,0
0.0046,375.55190478511,0,heating_and_melting,0,2.74013701068772e-10,0,0
0.0047,377.183528642178,0,heating_and_melting,0,2.74013701068772e-10,0,0
0.0048,378.814680175622,0,heating_and_melting,0,2.74013701068772e-10,0,0
0.0049,380.445358523542,0,heating_and_melting,0,2.74013701068772e-10,0,0
0.005,382.075562816024,0,heating_and_melting,0,2.74013701068772e-10,0,0
0.0051,383.705292175137,0,heating_and_melting,0,2.74013701068772e-10,0,0
0.0052,385.334545714934,0,heating_and_melting,0,2.74013701068772e-10,0,0
0.0053,386.963322541454,0,heating_and_melting,0,2.74013701068772e-10,0,0
0.0054,388.591621752718,0,heating_and_melting,0,2.74013701068772e-10,0,0
0.0055,390.219442438734,0,heating_and_melting,0,2.74013701068772e-10,0,0
0.0056,391.84678368149,0,heating_and_melting,0,2.74013701068772e-10,0,0
0.0057,393.473644554964,0,heating_and_melting,0,2.74013701068772e-10,0,0
0.0058,395.100024125112,0,heating_and_melting,0,2.74013701068772e-10,0,0
0.0059,396.725921449879,0,heating_and_melting,0,2.74013701068772e-10,0,0
0.006,398.351335579192,0,heating_and_melting,0,2.74013701068772e-10,0,0
0.0061,399.976265554963,0,heating_and_melting,0,2.74013701068772e-10,0,0
0.0062,401.600710411088,0,heating_and_melting,0,2.74013701068772e-10,0,0
0.0063,403.224669173446,0,heating_and_melting,0,2.74013701068772e-10,0,0
0.0064,404.848140859903,0,heating_and_melting,0,2.74013701068772e-10,0,0
0.0065,406.471124480306,0,heating_and_melting,0,2.74013701068772e-10,0,0
0.0066,408.093619036489,0,heating_and_melting,0,2.74013701068772e-10,0,0
0.0067,409.715623522269,0,heating_and_melting,0,2.74013701068772e-10,0,0
0.0068,411.337136923447,0,heating_and_melting,0,2.74013701068772e-10,0,0
0.0069,412.958158217809,0,heating_and_melting,0,2.74013701068772e-10,0,0
0.007,414.578686375124,0,heating_and_melting,0,2.74013701068772e-10,0,0
0.0071,416.198720357147,0,heating_and_melting,0,2.74013701068772e-10,0,0
0.0072,417.818259117615,0,heating_and_melting,0,2.74013701068772e-10,0,0
0.0073,419.437301602252,0,heating_and_melting,0,2.74013701068772e-10,0,0
0.0074,421.055846748763,0,heating_and_melting,0,2.74013701068772e-10,0,0
0.0075,422.67389348684,0,heating_and_melting,0,2.74013701068772e-10,0,0
0.0076,424.291440738158,0,heating_and_melting,0,2.74013701068772e-10,0,0
0.0077,425.908487416376,0,heating_and_melting,0,2.74013701068772e-10,0,0
0.0078,427.525032427138,0,heating_and_melting,0,2.74013701068772e-10,0,0
0.0079,429.141074668072,0,heating_and_melting,0,2.74013701068772e-10,0,0
0.008,430.756613028789,0,heating_and_melting,0,2.74013701068772e-10,0,0
0.0081,432.371646390887,0,heating_and_melting,0,2.74013701068772e-10,0,0
0.0082,433.986173627945,0,heating_and_melting,0,2.74013701068772e-10,0,0
0.0083,435.600193605528,0,heating_and_melting,0,2.74013701068772e-10,0,0
0.0084,437.213705181185,0,heating_and_melting,0,2.74013701068772e-10,0,0
0.0085,438.82670720445,0,heating_and_melting,0,2.74013701068772e-10,0,0
0.0086,440.43919851684,0,heating_and_melting,0,2.74013701068772e-10,0,0
0.0087,442.051177951857,0,heating_and_melting,0,2.74013701068772e-10,0,0
0.0088,443.662644334986,0,heating_and_melting,0,2.74013701068772e-10,0,0
0.0089,445.273596483697,0,heating_and_melting,0,2.74013701068772e-10,0,0
0.009,446.884033207446,0,heating_and_melting,0,2.74013701068772e-10,0,0
0.0091,448.49395330767,0,heating_and_melting,0,2.74013701068772e-10,0,0
0.0092,450.103355577792,0,heating_and_melting,0,2.74013701068772e-10,0,0
0.0093,451.71223880322,0,heating_and_melting,0,2.74013701068772e-10,0,0
0.0094,453.320601761344,0,heating_and_melting,0,2.74013701068772e-10,0,0
0.0095,454.928443221541,0,heating_and_melting,0,2.74013701068772e-10,0,0
0.0096,456.535761945169,0,heating_and_melting,0,2.74013701068772e-10,0,0
0.0097,458.142556685574,0,heating_and_melting,0,2.74013701068772e-10,0,0
0.0098,459.748826188082,0,heating_and_melting,0,2.74013701068772e-10,0,0
0.0099,461.354569190006,0,heating_and_melting,0,2.74013701068772e-10,0,0
0.01,462.959784420644,0,heating_and_melting,0,2.74013701068772e-10,0,0
0.0101,464.564470601276,0,heating_and_melting,0,2.74013701068772e-10,0,0
0.0102,466.168626445166,0,heating_and_melting,0,2.74013701068772e-10,0,0
0.0103,467.772250657566,0,heating_and_melting,0,2.74013701068772e-10,0,0
0.0104,469.375341935707,0,heating_and_melting,0,2.74013701068772e-10,0,0
0.0105,470.977898968807,0,heating_and_melting,0,2.74013701068772e-10,0,0
0.0106,472.57992043807,0,heating_and_melting,0,2.74013701068772e-10,0,0
0.0107,474.18140501668,0,heating_and_melting,0,2.74013701068772e-10,0,0
0.0108,475.782351369809,0,heating_and_melting,0,2.74013701068772e-10,0,0
0.0109,477.382758154611,0,heating_and_melting,0,2.74013701068772e-10,0,0
0.011,478.982624020224,0,heating_and_melting,0,2.74013701068772e-10,0,0
0.0111,480.581947607774,0,heating_and_melting,0,2.74013701068772e-10,0,0
0.0112,482.180727550366,0,heating_and_melting,0,2.74013701068772e-10,0,0
0.0113,483.778962473092,0,heating_and_melting,0,2.74013701068772e-10,0,0
0.0114,485.376650993028,0,heating_and_melting,0,2.74013701068772e-10,0,0
0.0115,486.973791719234,0,heating_and_melting,0,2.74013701068772e-10,0,0
0.0116,488.570383252755,0,heating_and_melting,0,2.74013701068772e-10,0,0
0.0117,490.166424186619,0,heating_and_melting,0,2.74013701068772e-10,0,0
0.0118,491.761913105839,0,heating_and_melting,0,2.74013701068772e-10,0,0
0.0119,493.356848587411,0,heating_and_melting,0,2.74013701068772e-10,0,0
0.012,494.951229200318,0,heating_and_melting,0,2.74013701068772e-10,0,0
0.0121,496.545053505524,0,heating_and_melting,0,2.74013701068772e-10,0,0
0.0122,498.138320055979,0,heating_and_melting,0,2.74013701068772e-10,0,0
0.0123,499.731027396617,0,heating_and_melting,0,2.74013701068772e-10,0,0
0.0124,501.323174064356,0,heating_and_melting,0,2.74013701068772e-10,0,0
0.0125,502.914758588099,0,heating_and_melting,0,2.74013701068772e-10,0,0
0.0126,504.505779488732,0,heating_and_melting,0,2.74013701068772e-10,0,0
0.0127,506.096235279126,0,heating_and_melting,0,2.74013701068772e-10,0,0
0.0128,507.686124464136,0,heating_and_melting,0,2.74013701068772e-10,0,0
0.0129,509.275445540601,0,heating_and_melting,0,2.74013701068772e-10,0,0
0.013,510.864196997346,0,heating_and_melting,0,2.74013701068772e-10,0,0
0.0131,512.452377315176,0,heating_and_melting,0,2.74013701068772e-10,0,0
0.0132,514.039984969631,0,heating_and_melting,0,2.74013701068772e-10,0,0
0.0133,515.627018415804,0,heating_and_melting,0,2.74013701068772e-10,0,0
0.0134,517.213476091791,0,heating_and_melting,0,2.74013701068772e-10,0,0
0.0135,518.799356427641,0,heating_and_melting,0,2.74013701068772e-10,0,0
0.0136,520.38465784536,0,heating_and_melting,0,2.74013701068772e-10,0,0
0.0137,521.969378758905,0,heating_and_melting,0,2.74013701068772e-10,0,0
0.0138,523.553517574192,0,heating_and_melting,0,2.74013701068772e-10,0,0
0.0139,525.137072689087,0,heating_and_melting,0,2.74013701068772e-10,0,0
0.014,526.720042493413,0,heating_and_melting,0,2.74013701068772e-10,0,0
0.0141,528.302425368945,0,heating_and_melting,0,2.74013701068772e-10,0,0
0.0142,529.884219689416,0,heating_and_melting,0,2.74013701068772e-10,0,0
0.0143,531.46542382051,0,heating_and_melting,0,2.74013701068772e-10,0,0
0.0144,533.046036119867,0,heating_and_melting,0,2.74013701068772e-10,0,0
0.0145,534.626054937082,0,heating_and_melting,0,2.74013701068772e-10,0,0
0.0146,536.205478613702,0,heating_and_melting,0,2.74013701068772e-10,0,0
0.0147,537.784305483232,0,heating_and_melting,0,2.74013701068772e-10,0,0
0.0148,539.362533871127,0,heating_and_melting,0,2.74013701068772e-10,0,0
0.0149,540.940162094801,0,heating_and_melting,0,2.74013701068772e-10,0,0
0.015,542.517188463619,0,heating_and_melting,0,2.74013701068772e-10,0,0
0.0151,544.093611278901,0,heating_and_melting,0,2.74013701068772e-10,0,0
0.0152,545.669428833924,0,heating_and_melting,0,2.74013701068772e-10,0,0
0.0153,547.244639413915,0,heating_and_melting,0,2.74013701068772e-10,0,0
0.0154,548.819241296059,0,heating_and_melting,0,2.74013701068772e-10,0,0
0.0155,550.393232749495,0,heating_and_melting,0,2.74013701068772e-10,0,0
0.0156,551.966612035314,0,heating_and_melting,0,2.74013701068772e-10,0,0
0.0157,553.539377406564,0,heating_and_melting,0,2.74013701068772e-10,0,0
0.0158,555.111527108246,0,heating_and_melting,0,2.74013701068772e-10,0,0
0.0159,556.683059377315,0,heating_and_melting,0,2.74013701068772e-10,0,0
0.016,558.253972442683,0,heating_and_melting,0,2.74013701068772e-10,0,0
0.0161,559.824264525214,0,heating_and_melting,0,2.74013701068772e-10,0,0
0.0162,561.393933837726,0,heating_and_melting,0,2.74013701068772e-10,0,0
0.0163,562.962978584993,0,heating_and_melting,0,2.74013701068772e-10,0,0
0.0164,564.531396963743,0,heating_and_melting,0,2.74013701068772e-10,0,0
0.0165,566.099187162658,0,heating_and_melting,0,2.74013701068772e-10,0,0
0.0166,567.666347362374,0,heating_and_melting,0,2.74013701068772e-10,0,0
0.0167,569.232875735484,0,heating_and_melting,0,2.74013701068772e-10,0,0
0.0168,570.798770446531,0,heating_and_melting,0,2.74013701068772e-10,0,0
0.0169,572.364029652017,0,heating_and_melting,0,2.74013701068772e-10,0,0
0.017,573.928651500394,0,heating_and_melting,0,2.74013701068772e-10,0,0
0.0171,575.492634132073,0,heating_and_melting,0,2.74013701068772e-10,0,0
0.0172,577.055975679415,0,heating_and_melting,0,2.74013701068772e-10,0,0
0.0173,578.618674266738,0,heating_and_melting,0,2.74013701068772e-10,0,0
0.0174,580.180728010314,0,heating_and_melting,0,2.74013701068772e-10,0,0
0.0175,581.74213501837,0,heating_and_melting,0,2.74013701068772e-10,0,0
0.0176,583.302893391085,0,heating_and_melting,0,2.74013701068772e-10,0,0
0.0177,584.863001220595,0,heating_and_melting,0,2.74013701068772e-10,0,0
0.0178,586.42245659099,0,heating_and_melting,0,2.74013701068772e-10,0,0
0.0179,587.981257578313,0,heating_and_melting,0,2.74013701068772e-10,0,0
0.018,589.539402250562,0,heating_and_melting,0,2.74013701068772e-10,0,0
0.0181,591.096888667691,0,heating_and_melting,0,2.74013701068772e-10,0,0
0.0182,592.653714881605,0,heating_and_melting,0,2.74013701068772e-10,0,0
0.0183,594.209878936167,0,heating_and_melting,0,2.74013701068772e-10,0,0
0.0184,595.765378867192,0,heating_and_melting,0,2.74013701068772e-10,0,0
0.0185,597.320212702451,0,heating_and_melting,0,2.74013701068772e-10,0,0
0.0186,598.874378461669,0,heating_and_melting,0,2.74013701068772e-10,0,0
0.0187,600.427874156523,0,heating_and_melting,0,2.74013701068772e-10,0,0
0.0188,601.980697790649,0,heating_and_melting,0,2.74013701068772e-10,0,0
0.0189,603.532847359633,0,heating_and_melting,0,2.74013701068772e-10,0,0
0.019,605.084320851018,0,heating_and_melting,0,2.74013701068772e-10,0,0
0.0191,606.635116244301,0,heating_and_melting,0,2.74013701068772e-10,0,0
0.0192,608.185231510932,0,heating_and_melting,0,2.74013701068772e-10,0,0
0.0193,609.734664614318,0,heating_and_melting,0,2.74013701068772e-10,0,0
0.0194,611.283413509817,0,heating_and_melting,0,2.74013701068772e-10,0,0
0.0195,612.831476144745,0,heating_and_melting,0,2.74013701068772e-10,0,0
0.0196,614.37885045837,0,heating_and_melting,0,2.74013701068772e-10,0,0
0.0197,615.925534381914,0,heating_and_melting,0,2.74013701068772e-10,0,0
0.0198,617.471525838556,0,heating_and_melting,0,2.74013701068772e-10,0,0
0.0199,619.016822743428,0,heating_and_melting,0,2.74013701068772e-10,0,0
0.02,620.561423003615,0,heating_and_melting,0,2.74013701068772e-10,0,0
0.0201,622.105324518159,0,heating_and_melting,0,2.74013701068772e-10,0,0
0.0202,623.648525178054,0,heating_and_melting,0,2.74013701068772e-10,0,0
0.0203,625.19102286625,0,heating_and_melting,0,2.74013701068772e-10,0,0
0.0204,626.732815457651,0,heating_and_melting,0,2.74013701068772e-10,0,0
0.0205,628.273900819114,0,heating_and_melting,0,2.74013701068772e-10,0,0
0.0206,629.814276809454,0,heating_and_melting,0,2.74013701068772e-10,0,0
0.0207,631.353941279436,0,heating_and_melting,0,2.74013701068772e-10,0,0
0.0208,632.892892071783,0,heating_and_melting,0,2.74013701068772e-10,0,0
0.0209,634.43112702117,0,heating_and_melting,0,2.74013701068772e-10,0,0
0.021,635.968643954228,0,heating_and_melting,0,2.74013701068772e-10,0,0
0.0211,637.505440689541,0,heating_and_melting,0,2.74013701068772e-10,0,0
0.0212,639.041515037649,0,heating_and_melting,0,2.74013701068772e-10,0,0
0.0213,640.576864801044,0,heating_and_melting,0,2.74013701068772e-10,0,0
0.0214,642.111487774175,0,heating_and_melting,0,2.74013701068772e-10,0,0
0.0215,643.645381743445,0,heating_and_melting,0,2.74013701068772e-10,0,0
0.0216,645.178544487209,0,heating_and_melting,0,2.74013701068772e-10,0,0
0.0217,646.710973775779,0,heating_and_melting,0,2.74013701068772e-10,0,0
0.0218,648.24266737142,0,heating_and_melting,0,2.74013701068772e-10,0,0
0.0219,649.773623028354,0,heating_and_melting,0,2.74013701068772e-10,0,0
0.022,651.303838492752,0,heating_and_melting,0,2.74013701068772e-10,0,0
0.0221,652.833311502746,0,heating_and_melting,0,2.74013701068772e-10,0,0
0.0222,654.362039788416,0,heating_and_melting,0,2.74013701068772e-10,0,0
0.0223,655.890021071803,0,heating_and_melting,0,2.74013701068772e-10,0,0
0.0224,657.417253066896,0,heating_and_melting,0,2.74013701068772e-10,0,0
0.0225,658.943733479643,0,heating_and_melting,0,2.74013701068772e-10,0,0
0.0226,660.469460007943,0,heating_and_melting,0,2.74013701068772e-10,0,0
0.0227,661.994430341653,0,heating_and_melting,0,2.74013701068772e-10,0,0
0.0228,663.518642162582,0,heating_and_melting,0,2.74013701068772e-10,0,0
0.0229,665.042093144493,0,heating_and_melting,0,2.74013701068772e-10,0,0
0.023,666.564780953106,0,heating_and_melting,0,2.74013701068772e-10,0,0
0.0231,668.086703246093,0,heating_and_melting,0,2.74013701068772e-10,0,0
0.0232,669.607857909675,0,heating_and_melting,0,2.74013701068772e-10,0,0
0.0233,671.128242806472,0,heating_and_melting,0,2.74013701068772e-10,0,0
0.0234,672.647855548776,0,heating_and_melting,0,2.74013701068772e-10,0,0
0.0235,674.166693743632,0,heating_and_melting,0,2.74013701068772e-10,0,0
0.0236,675.684754992828,0,heating_and_melting,0,2.74013701068772e-10,0,0
0.0237,677.202036892904,0,heating_and_melting,0,2.74013701068772e-10,0,0
0.0238,678.718537035146,0,heating_and_melting,0,2.74013701068772e-10,0,0
0.0239,680.234253005589,0,heating_and_melting,0,2.74013701068772e-10,0,0
0.024,681.749182385017,0,heating_and_melting,0,2.74013701068772e-10,0,0
0.0241,683.26332274896,0,heating_and_melting,0,2.74013701068772e-10,0,0
0.0242,684.776671667698,0,heating_and_melting,0,2.74013701068772e-10,0,0
0.0243,686.289226706257,0,heating_and_melting,0,2.74013701068772e-10,0,0
0.0244,687.800985424415,0,heating_and_melting,0,2.74013701068772e-10,0,0
0.0245,689.311945376694,0,heating_and_melting,0,2.74013701068772e-10,0,0
0.0246,690.822104112366,0,heating_and_melting,0,2.74013701068772e-10,0,0
0.0247,692.331459175452,0,heating_and_melting,0,2.74013701068772e-10,0,0
0.0248,693.84000810472,0,heating_and_melting,0,2.74013701068772e-10,0,0
0.0249,695.347748433686,0,heating_and_melting,0,2.74013701068772e-10,0,0
0.025,696.854677690614,0,heating_and_melting,0,2.74013701068772e-10,0,0
0.0251,698.360793398517,0,heating_and_melting,0,2.74013701068772e-10,0,0
0.0252,699.866093075157,0,heating_and_melting,0,2.74013701068772e-10,0,0
0.0253,701.370574233041,0,heating_and_melting,0,2.74013701068772e-10,0,0
0.0254,702.874234379428,0,heating_and_melting,0,2.74013701068772e-10,0,0
0.0255,704.377071016322,0,heating_and_melting,0,2.74013701068772e-10,0,0
0.0256,705.879081640476,0,heating_and_melting,0,2.74013701068772e-10,0,0
0.0257,707.380263743393,0,heating_and_melting,0,2.74013701068772e-10,0,0
0.0258,708.880614811322,0,heating_and_melting,0,2.74013701068772e-10,0,0
0.0259,710.38013232526,0,heating_and_melting,0,2.74013701068772e-10,0,0
0.026,711.878813760954,0,heating_and_melting,0,2.74013701068772e-10,0,0
0.0261,713.376656588899,0,heating_and_melting,0,2.74013701068772e-10,0,0
0.0262,714.873658274335,0,heating_and_melting,0,2.74013701068772e-10,0,0
0.0263,716.369816277254,0,heating_and_melting,0,2.74013701068772e-10,0,0
0.0264,717.865128052394,0,heating_and_melting,0,2.74013701068772e-10,0,0
0.0265,719.359591049242,0,heating_and_melting,0,2.74013701068772e-10,0,0
0.0266,720.853202712033,0,heating_and_melting,0,2.74013701068772e-10,0,0
0.0267,722.345960479749,0,heating_and_melting,0,2.74013701068772e-10,0,0
0.0268,723.837861786123,0,heating_and_melting,0,2.74013701068772e-10,0,0
0.0269,725.328904059633,0,heating_and_melting,0,2.74013701068772e-10,0,0
0.027,726.819084723506,0,heating_and_melting,0,2.74013701068772e-10,0,0
0.0271,728.308401195719,0,heating_and_melting,0,2.74013701068772e-10,0,0
0.0272,729.796850888996,0,heating_and_melting,0,2.74013701068772e-10,0,0
0.0273,731.284431210807,0,heating_and_melting,0,2.74013701068772e-10,0,0
0.0274,732.771139563373,0,heating_and_melting,0,2.74013701068772e-10,0,0
0.0275,734.256973343663,0,heating_and_melting,0,2.74013701068772e-10,0,0
0.0276,735.741929943392,0,heating_and_melting,0,2.74013701068772e-10,0,0
0.0277,737.226006749026,0,heating_and_melting,0,2.74013701068772e-10,0,0
0.0278,738.709201141776,0,heating_and_melting,0,2.74013701068772e-10,0,0
0.0279,740.191510497605,0,heating_and_melting,0,2.74013701068772e-10,0,0
0.028,741.672932187219,0,heating_and_melting,0,2.74013701068772e-10,0,0
0.0281,743.153463576078,0,heating_and_melting,0,2.74013701068772e-10,0,0
0.0282,744.633102024385,0,heating_and_melting,0,2.74013701068772e-10,0,0
0.0283,746.111844887095,0,heating_and_melting,0,2.74013701068772e-10,0,0
0.0284,747.589689513909,0,heating_and_melting,0,2.74013701068772e-10,0,0
0.0285,749.066633249276,0,heating_and_melting,0,2.74013701068772e-10,0,0
0.0286,750.542673432395,0,heating_and_melting,0,2.74013701068772e-10,0,0
0.0287,752.017807397211,0,heating_and_melting,0,2.74013701068772e-10,0,0
0.0288,753.492032472418,0,heating_and_melting,0,2.74013701068772e-10,0,0
0.0289,754.96534598146,0,heating_and_melting,0,2.74013701068772e-10,0,0
0.029,756.437745242526,0,heating_and_melting,0,2.74013701068772e-10,0,0
0.0291,757.909227568554,0,heating_and_melting,0,2.74013701068772e-10,0,0
0.0292,759.379790267232,0,heating_and_melting,0,2.74013701068772e-10,0,0
0.0293,760.849430640995,0,heating_and_melting,0,2.74013701068772e-10,0,0
0.0294,762.318145987025,0,heating_and_melting,0,2.74013701068772e-10,0,0
0.0295,763.785933597254,0,heating_and_melting,0,2.74013701068772e-10,0,0
0.0296,765.252790758361,0,heating_and_melting,0,2.74013701068772e-10,0,0
0.0297,766.718714751773,0,heating_and_melting,0,2.74013701068772e-10,0,0
0.0298,768.183702853666,0,heating_and_melting,0,2.74013701068772e-10,0,0
0.0299,769.647752334964,0,heating_and_melting,0,2.74013701068772e-10,0,0
0.03,771.110860461339,0,heating_and_melting,0,2.74013701068772e-10,0,0
0.0301,772.573024493211,0,heating_and_melting,0,2.74013701068772e-10,0,0
0.0302,774.034241685747,0,heating_and_melting,0,2.74013701068772e-10,0,0
0.0303,775.494509288866,0,heating_and_melting,0,2.74013701068772e-10,0,0
0.0304,776.953824547229,0,heating_and_melting,0,2.74013701068772e-10,0,0
0.0305,778.412184700252,0,heating_and_melting,0,2.74013701068772e-10,0,0
0.0306,779.869586982094,0,heating_and_melting,0,2.74013701068772e-10,0,0
0.0307,781.326028621664,0,heating_and_melting,0,2.74013701068772e-10,0,0
0.0308,782.78150684262,0,heating_and_melting,0,2.74013701068772e-10,0,0
0.0309,784.236018863366,0,heating_and_melting,0,2.74013701068772e-10,0,0
0.031,785.689561897056,0,heating_and_melting,0,2.74013701068772e-10,0,0
0.0311,787.142133151592,0,heating_and_melting,0,2.74013701068772e-10,0,0
0.0312,788.593729829623,0,heating_and_melting,0,2.74013701068772e-10,0,0
0.0313,790.044349128548,0,heating_and_melting,0,2.74013701068772e-10,0,0
0.0314,791.493988240511,0,heating_and_melting,0,2.74013701068772e-10,0,0
0.0315,792.942644352408,0,heating_and_melting,0,2.74013701068772e-10,0,0
0.0316,794.39031464588,0,heating_and_melting,0,2.74013701068772e-10,0,0
0.0317,795.836996297318,0,heating_and_melting,0,2.74013701068772e-10,0,0
0.0318,797.282686477861,0,heating_and_melting,0,2.74013701068772e-10,0,0
0.0319,798.727382353395,0,heating_and_melting,0,2.74013701068772e-10,0,0
0.032,800.171081084555,0,heating_and_melting,0,2.74013701068772e-10,0,0
0.0321,801.613779826725,0,heating_and_melting,0,2.74013701068772e-10,0,0
0.0322,803.055475730035,0,heating_and_melting,0,2.74013701068772e-10,0,0
0.0323,804.496165939364,0,heating_and_melting,0,2.74013701068772e-10,0,0
0.0324,805.935847594341,0,heating_and_melting,0,2.74013701068772e-10,0,0
0.0325,807.374517829341,0,heating_and_melting,0,2.74013701068772e-10,0,0
0.0326,808.812173773487,0,heating_and_melting,0,2.74013701068772e-10,0,0
0.0327,810.248812550651,0,heating_and_melting,0,2.74013701068772e-10,0,0
0.0328,811.684431279454,0,heating_and_melting,0,2.74013701068772e-10,0,0
0.0329,813.119027073264,0,heating_and_melting,0,2.74013701068772e-10,0,0
0.033,814.552597040197,0,heating_and_melting,0,2.74013701068772e-10,0,0
0.0331,815.985138283118,0,heating_and_melting,0,2.74013701068772e-10,0,0
0.0332,817.416648087529,0,heating_and_melting,0,2.74013701068772e-10,0,0
0.0333,818.847123762798,0,heating_and_melting,0,2.74013701068772e-10,0,0
0.0334,820.276562442124,0,heating_and_melting,0,2.74013701068772e-10,0,0
0.0335,821.704961256672,0,heating_and_melting,0,2.74013701068772e-10,0,0
0.0336,823.132317335573,0,heating_and_melting,0,2.74013701068772e-10,0,0
0.0337,824.558627805928,0,heating_and_melting,0,2.74013701068772e-10,0,0
0.0338,825.983889792803,0,heating_and_melting,0,2.74013701068772e-10,0,0
0.0339,827.408100419232,0,heating_and_melting,0,2.74013701068772e-10,0,0
0.034,828.831256806214,0,heating_and_melting,0,2.74013701068772e-10,0,0
0.0341,830.253356072718,0,heating_and_melting,0,2.74013701068772e-10,0,0
0.0342,831.674395335678,0,heating_and_melting,0,2.74013701068772e-10,0,0
0.0343,833.094371709995,0,heating_and_melting,0,2.74013701068772e-10,0,0
0.0344,834.513282308539,0,heating_and_melting,0,2.74013701068772e-10,0,0
0.0345,835.931124242146,0,heating_and_melting,0,2.74013701068772e-10,0,0
0.0346,837.347894619617,0,heating_and_melting,0,2.74013701068772e-10,0,0
0.0347,838.763590547723,0,heating_and_melting,0,2.74013701068772e-10,0,0
0.0348,840.178209131201,0,heating_and_melting,0,2.74013701068772e-10,0,0
0.0349,841.591747472754,0,heating_and_melting,0,2.74013701068772e-10,0,0
0.035,843.004202673054,0,heating_and_melting,0,2.74013701068772e-10,0,0
0.0351,844.415571830739,0,heating_and_melting,0,2.74013701068772e-10,0,0
0.0352,845.825852042413,0,heating_and_melting,0,2.74013701068772e-10,0,0
0.0353,847.235040402649,0,heating_and_melting,0,2.74013701068772e-10,0,0
0.0354,848.643134003986,0,heating_and_melting,0,2.74013701068772e-10,0,0
0.0355,850.05012993693,0,heating_and_melting,0,2.74013701068772e-10,0,0
0.0356,851.456025289954,0,heating_and_melting,0,2.74013701068772e-10,0,0
0.0357,852.860817151958,0,heating_and_melting,0,2.74013701068772e-10,0,0
0.0358,854.264502620561,0,heating_and_melting,0,2.74013701068772e-10,0,0
0.0359,855.667078781163,0,heating_and_melting,0,2.74013701068772e-10,0,0
0.036,857.068542716795,0,heating_and_melting,0,2.74013701068772e-10,0,0
0.0361,858.468891510072,0,heating_and_melting,0,2.74013701068772e-10,0,0
0.0362,859.868122243197,0,heating_and_melting,0,2.74013701068772e-10,0,0
0.0363,861.266231997959,0,heating_and_melting,0,2.74013701068772e-10,0,0
0.0364,862.663217855736,0,heating_and_melting,0,2.74013701068772e-10,0,0
0.0365,864.05907689749,0,heating_and_melting,0,2.74013701068772e-10,0,0
0.0366,865.453806203772,0,heating_and_melting,0,2.74013701068772e-10,0,0
0.0367,866.847402854719,0,heating_and_melting,0,2.74013701068772e-10,0,0
0.0368,868.239863930054,0,heating_and_melting,0,2.74013701068772e-10,0,0
0.0369,869.63118650909,0,heating_and_melting,0,2.74013701068772e-10,0,0
0.037,871.021367670722,0,heating_and_melting,0,2.74013701068772e-10,0,0
0.0371,872.410404493436,0,heating_and_melting,0,2.74013701068772e-10,0,0
0.0372,873.798294055304,0,heating_and_melting,0,2.74013701068772e-10,0,0
0.0373,875.185033433982,0,heating_and_melting,0,2.74013701068772e-10,0,0
0.0374,876.570619706716,0,heating_and_melting,0,2.74013701068772e-10,0,0
0.0375,877.955049950338,0,heating_and_melting,0,2.74013701068772e-10,0,0
0.0376,879.338321241266,0,heating_and_melting,0,2.74013701068772e-10,0,0
0.0377,880.720430655506,0,heating_and_melting,0,2.74013701068772e-10,0,0
0.0378,882.10137526865,0,heating_and_melting,0,2.74013701068772e-10,0,0
0.0379,883.481152155878,0,heating_and_melting,0,2.74013701068772e-10,0,0
0.038,884.859758391955,0,heating_and_melting,0,2.74013701068772e-10,0,0
0.0381,886.237191051234,0,heating_and_melting,0,2.74013701068772e-10,0,0
0.0382,887.613447207673,0,heating_and_melting,0,2.74013701068772e-10,0,0
0.0383,888.988523940894,0,heating_and_melting,0,2.74013701068772e-10,0,0
0.0384,890.362418331598,0,heating_and_melting,0,2.74013701068772e-10,0,0
0.0385,891.735127457393,0,heating_and_melting,0,2.74013701068772e-10,0,0
0.0386,893.106648396772,0,heating_and_melting,0,2.74013701068772e-10,0,0
0.0387,894.476978229121,0,heating_and_melting,0,2.74013701068772e-10,0,0
0.0388,895.846114034713,0,heating_and_melting,0,2.74013701068772e-10,0,0
0.0389,897.21405289471,0,heating_and_melting,0,2.74013701068772e-10,0,0
0.039,898.580791891164,0,heating_and_melting,0,2.74013701068772e-10,0,0
0.0391,899.946328107017,0,heating_and_melting,0,2.74013701068772e-10,0,0
0.0392,901.310658626098,0,heating_and_melting,0,2.74013701068772e-10,0,0
0.0393,902.673780533128,0,heating_and_melting,0,2.74013701068772e-10,0,0
0.0394,904.035690913714,0,heating_and_melting,0,2.74013701068772e-10,0,0
0.0395,905.396386854356,0,heating_and_melting,0,2.74013701068772e-10,0,0
0.0396,906.755865442997,0,heating_and_melting,0,2.74013701068772e-10,0,0
0.0397,908.114123769711,0,heating_and_melting,0,2.74013701068772e-10,0,0
0.0398,909.471158925445,0,heating_and_melting,0,2.74013701068772e-10,0,0
0.0399,910.826968002691,0,heating_and_melting,0,2.74013701068772e-10,0,0
0.04,912.181548095512,0,heating_and_melting,0,2.74013701068772e-10,0,0
0.0401,913.534896299538,0,heating_and_melting,0,2.74013701068772e-10,0,0
0.0402,914.887009711998,0,heating_and_melting,0,2.74013701068772e-10,0,0
0.0403,916.237885431956,0,heating_and_melting,0,2.74013701068772e-10,0,0
0.0404,917.587520560196,0,heating_and_melting,0,2.74013701068772e-10,0,0
0.0405,918.935912199472,0,heating_and_melting,0,2.74013701068772e-10,0,0
0.0406,920.283057454559,0,heating_and_melting,0,2.74013701068772e-10,0,0
0.0407,921.628953432245,0,heating_and_melting,0,2.74013701068772e-10,0,0
0.0408,923,0.000341545090979165,heating_and_melting,1.58626782492492e-10,2.7401198497556e-10,2.84572807322729e-15,8.48055773311161e-16
0.0409,923,0.0174514015748002,heating_and_melting,3.39206260550494e-09,2.73977003869042e-10,6.0853484382413e-14,1.81349543697192e-14
0.041,923,0.0344824749800778,heating_and_melting,6.59792686544275e-09,2.73942320258137e-10,1.1836791572974e-13,3.52748371335329e-14
0.0411,923,0.0515178107364898,heating_and_melting,9.80344815814879e-09,2.73907639574495e-10,1.75877492917096e-13,5.24132733085362e-14
0.0412,923,0.0685574098449756,heating_and_melting,1.30086265898003e-08,2.7387296181799e-10,2.33382216149328e-13,6.95502629557757e-14
0.0413,923,0.0856012733067613,heating_and_melting,1.62134622665001e-08,2.738382869885e-10,2.90882085631297e-13,8.66858061363019e-14
0.0414,923,0.102649402123364,heating_and_melting,1.94179552943035e-08,2.73803615085901e-10,3.48377101567845e-13,1.0381990291116e-13
0.0415,923,0.119701797296586,heating_and_melting,2.26221057792454e-08,2.7376894611007e-10,4.05867264163834e-13,1.20952553341401e-13
0.0416,923,0.136758459828511,heating_and_melting,2.58259138272455e-08,2.73734280060883e-10,4.63352573624109e-13,1.3808375748807e-13
0.0417,923,0.153819390721519,heating_and_melting,2.90293795442238e-08,2.73699616938217e-10,5.2083303015352e-13,1.55213515412215e-13
0.0418,923,0.170884590978265,heating_and_melting,3.2232503036005e-08,2.73664956741948e-10,5.78308633956925e-13,1.72341827174887e-13
0.0419,923,0.187954061601701,heating_and_melting,3.54352844084005e-08,2.73630299471952e-10,6.3577938523917e-13,1.8946869283713e-13
0.042,923,0.205027803595067,heating_and_melting,3.86377237671269e-08,2.73595645128106e-10,6.93245284205112e-13,2.06594112459994e-13
0.0421,923,0.222105817961878,heating_and_melting,4.18398212178599e-08,2.73560993710286e-10,7.50706331059601e-13,2.23718086104527e-13
0.0422,923,0.239188105705949,heating_and_melting,4.50415768662484e-08,2.7352634521837e-10,8.08162526007484e-13,2.40840613831776e-13
0.0423,923,0.256274667831376,heating_and_melting,4.82429908178528e-08,2.73491699652232e-10,8.65613869253621e-13,2.5796169570279e-13
0.0424,923,0.273365505342541,heating_and_melting,5.14440631781796e-08,2.73457057011751e-10,9.23060361002855e-13,2.75081331778615e-13
0.0425,923,0.290460619244124,heating_and_melting,5.46447940527015e-08,2.73422417296802e-10,9.80502001460045e-13,2.92199522120301e-13
0.0426,923,0.307560010541076,heating_and_melting,5.78451835468366e-08,2.73387780507261e-10,1.03793879083004e-12,3.09316266788894e-13
0.0427,923,0.32466368023865,heating_and_melting,6.10452317659221e-08,2.73353146643006e-10,1.09537072931769e-12,3.26431565845444e-13
0.0428,923,0.34177162934238,heating_and_melting,6.42449388152611e-08,2.73318515703912e-10,1.15279781712785e-12,3.43545419350998e-13
0.0429,923,0.358883858858088,heating_and_melting,6.74443048001092e-08,2.73283887689857e-10,1.21022005446537e-12,3.60657827366603e-13
0.043,923,0.376000369791887,heating_and_melting,7.06433298256544e-08,2.73249262600716e-10,1.2676374415351e-12,3.77768789953308e-13
0.0431,923,0.393121163150173,heating_and_melting,7.38420139970373e-08,2.73214640436367e-10,1.3250499785419e-12,3.9487830717216e-13
0.0432,923,0.410246239939636,heating_and_melting,7.70403574193372e-08,2.73180021196684e-10,1.38245766569061e-12,4.11986379084208e-13
0.0433,923,0.427375601167251,heating_and_melting,8.02383601975864e-08,2.73145404881546e-10,1.43986050318609e-12,4.29093005750499e-13
0.0434,923,0.444509247840282,heating_and_melting,8.34360224367627e-08,2.73110791490829e-10,1.49725849123318e-12,4.46198187232081e-13
0.0435,923,0.46164718096628,heating_and_melting,8.6633344241783e-08,2.73076181024408e-10,1.55465163003675e-12,4.63301923590002e-13
0.0436,923,0.478789401553085,heating_and_melting,8.98303257175167e-08,2.73041573482161e-10,1.61203991980164e-12,4.8040421488531e-13
0.0437,923,0.49593591060883,heating_and_melting,9.30269669687926e-08,2.73006968863963e-10,1.66942336073271e-12,4.97505061179053e-13
0.0438,923,0.513086709141927,heating_and_melting,9.62232681003583e-08,2.72972367169692e-10,1.7268019530348e-12,5.14604462532278e-13
0.0439,923,0.530241798161086,heating_and_melting,9.94192292169205e-08,2.72937768399224e-10,1.78417569691277e-12,5.31702419006035e-13
0.044,923,0.547401178675301,heating_and_melting,1.02614850423139e-07,2.72903172552435e-10,1.84154459257147e-12,5.48798930661371e-13
0.0441,923,0.564564851693855,heating_and_melting,1.05810131823618e-07,2.72868579629201e-10,1.89890864021574e-12,5.65893997559332e-13
0.0442,923,0.581732818226324,heating_and_melting,1.09005073522902e-07,2.728339896294e-10,1.95626784005046e-12,5.82987619760968e-13
0.0443,923,0.598905079282563,heating_and_melting,1.12199675625482e-07,2.72799402552908e-10,2.01362219228045e-12,6.00079797327325e-13
0.0444,923,0.616081635872728,heating_and_melting,1.153939382358e-07,2.72764818399601e-10,2.07097169711059e-12,6.17170530319454e-13
0.0445,923,0.633262489007259,heating_and_melting,1.18587861458244e-07,2.72730237169355e-10,2.12831635474571e-12,6.342598187984e-13
0.0446,923,0.650447639696884,heating_and_melting,1.21781445397141e-07,2.72695658862047e-10,2.18565616539067e-12,6.51347662825212e-13
0.0447,923,0.667637088952624,heating_and_melting,1.24974690156779e-07,2.72661083477554e-10,2.24299112925033e-12,6.68434062460938e-13
0.0448,923,0.68483083778578,heating_and_melting,1.28167595841383e-07,2.72626511015752e-10,2.30032124652952e-12,6.85519017766625e-13
0.0449,923,0.70202888720796,heating_and_melting,1.31360162555124e-07,2.72591941476518e-10,2.35764651743311e-12,7.02602528803323e-13
0.045,923,0.719231238231048,heating_and_melting,1.34552390402126e-07,2.72557374859727e-10,2.41496694216595e-12,7.19684595632078e-13
0.0451,923,0.736437891867217,heating_and_melting,1.3774427948644e-07,2.72522811165257e-10,2.47228252093289e-12,7.36765218313938e-13
0.0452,923,0.753657009623157,heating_and_melting,1.40938557470317e-07,2.72488220828855e-10,2.52964227893957e-12,7.53859006856469e-13
0.0453,923,0.770919396195145,heating_and_melting,1.44145511523326e-07,2.72453492347144e-10,2.58723111773302e-12,7.71021063792461e-13
0.0454,923,0.788210086636898,heating_and_melting,1.47360126316887e-07,2.72418680080799e-10,2.64495889320086e-12,7.88224525263884e-13
0.0455,923,0.80551204881998,heating_and_melting,1.50576707517702e-07,2.72383845752646e-10,2.70272325287597e-12,8.05438889199417e-13
0.0456,923,0.822812479267262,heating_and_melting,1.53790984594436e-07,2.72349035655388e-10,2.76044743143525e-12,8.22641278755677e-13
0.0457,923,0.840102810744484,heating_and_melting,1.57000110817726e-07,2.72314280651611e-10,2.8180802506996e-12,8.39816442317211e-13
0.0458,923,0.857378719884523,heating_and_melting,1.60202663260189e-07,2.72279596173781e-10,2.87559611963391e-12,8.569567534965e-13
0.0459,923,0.87464013481063,heating_and_melting,1.63398642796418e-07,2.72244982224245e-10,2.93299503434711e-12,8.74062211133961e-13
0.046,923,0.891891242741543,heating_and_melting,1.66589474102964e-07,2.7221042337523e-10,2.99030257809211e-12,8.91140439297943e-13
0.0461,923,0.909140497578347,heating_and_melting,1.6977800565839e-07,2.72175888768842e-10,3.04756992126582e-12,9.08206687284731e-13
0.0462,923,0.926400627489776,heating_and_melting,1.729685097432e-07,2.72141332117071e-10,3.10487382140919e-12,9.25283829618543e-13
0.0463,923,0.943688642529638,heating_and_melting,1.76166682439884e-07,2.72106691701785e-10,3.16231662320713e-12,9.42402366051528e-13
0.0464,923,0.961025842337251,heating_and_melting,1.79379643632916e-07,2.72071890374732e-10,3.22002625848858e-12,9.59600421563775e-13
0.0465,923,0.978437823988658,heating_and_melting,1.82615937008726e-07,2.72036835557544e-10,3.27815624622649e-12,9.769237463633e-13
0.0466,923,0.995954490083911,heating_and_melting,1.85885530055749e-07,2.72001419241729e-10,3.33688569253782e-12,9.94425715886059e-13
0.0467,925.294694289623,1,heating_and_melting,1.89199814064357e-07,2.71965517988679e-10,3.3964192906835e-12,1.01216733079594e-12
0.0468,928.299241908455,1,heating_and_melting,1.92571604126933e-07,2.71928992929665e-10,3.45698732106849e-12,1.03021721698476e-12
0.0469,931.338397941513,1,heating_and_melting,1.96015139137796e-07,2.71891689765838e-10,3.51884565124177e-12,1.04865162557227e-12
0.047,934.41996878498,1,heating_and_melting,1.99546081793299e-07,2.71853438768232e-10,3.5822757358963e-12,1.06755443290617e-12
0.0471,937.552452193448,1,heating_and_melting,2.03181518591707e-07,2.71814054777758e-10,3.64758461686905e-12,1.08701714056208e-12
0.0472,940.745033233978,1,heating_and_melting,2.06939959833294e-07,2.71773337205211e-10,3.71510492314101e-12,1.10713887534356e-12
0.0473,944.007579819614,1,heating_and_melting,2.10841339620307e-07,2.71731070031264e-10,3.78519487083716e-12,1.12802638928209e-12
0.0474,947.350637751715,1,heating_and_melting,2.14907015856968e-07,2.71687021806472e-10,3.8582382632265e-12,1.14979405963709e-12
0.0475,950.77842990827,1,heating_and_melting,2.19145667819027e-07,2.71641098348312e-10,3.93439127938348e-12,1.17248842935378e-12
0.0476,954.284625811762,1,heating_and_melting,2.23544758890925e-07,2.7159343523269e-10,4.0134290992568e-12,1.196042499781e-12
0.0477,957.872429391428,1,heating_and_melting,2.28110981123731e-07,2.71543959841648e-10,4.09547214227559e-12,1.22049215712763e-12
0.0478,961.545888151123,1,heating_and_melting,2.32852725252152e-07,2.71492581122306e-10,4.18067139775111e-12,1.24588239773691e-12
0.0479,965.30962423688,1,heating_and_melting,2.37779546242104e-07,2.71439195373216e-10,4.26919882960995e-12,1.27226446859977e-12
0.048,969.168830284083,1,heating_and_melting,2.42902163290635e-07,2.71383686244356e-10,4.36124737639407e-12,1.29969586735483e-12
0.0481,973.129264940445,1,heating_and_melting,2.4823245982598e-07,2.71325924737132e-10,4.45703095126077e-12,1.32824034228843e-12
0.0482,977.197248033094,1,heating_and_melting,2.53783483507522e-07,2.71265769204381e-10,4.55678444198268e-12,1.35796789233461e-12
0.0483,981.379655344853,1,heating_and_melting,2.59569446225815e-07,2.71203065350367e-10,4.66076371094782e-12,1.38895476707509e-12
0.0484,985.683912961726,1,heating_and_melting,2.65605724102574e-07,2.71137646230782e-10,4.76924559515953e-12,1.42128346673931e-12
0.0485,990.117991150655,1,heating_and_melting,2.71908857490675e-07,2.71069332252747e-10,4.88252790623648e-12,1.45504274220441e-12
0.0486,994.690397723812,1,heating_and_melting,2.78496550974166e-07,2.70997931174811e-10,5.00092943041275e-12,1.49032759499523e-12
0.0487,999.410170843041,1,heating_and_melting,2.85387673368242e-07,2.70923238106954e-10,5.12478992853771e-12,1.5272392772843e-12
0.0488,1004.28684476684,1,heating_and_melting,2.9260220641912e-07,2.70845036066586e-10,5.25446921407459e-12,1.56588501712609e-12
0.0489,1009.25330559507,1,heating_and_melting,3.00011353607887e-07,2.70764720666306e-10,5.38765299901213e-12,1.60557513326555e-12
0.049,1014.22292908812,1,heating_and_melting,3.07447427141278e-07,2.70684109491146e-10,5.52132725548784e-12,1.64541141488846e-12
0.0491,1019.17133634494,1,heating_and_melting,3.14862988543837e-07,2.70603716935022e-10,5.65463898484428e-12,1.68513965975994e-12
0.0492,1024.07793632875,1,heating_and_melting,3.22217731492485e-07,2.70523980082244e-10,5.78686338782292e-12,1.72454387036376e-12
0.0493,1028.92589911034,1,heating_and_melting,3.29478481816448e-07,2.70445258707512e-10,5.91740386456413e-12,1.76344625390234e-12
0.0494,1033.7021287065,1,heating_and_melting,3.3661919749729e-07,2.70367835275922e-10,6.04579201460715e-12,1.80170722229671e-12
0.0495,1038.39723619167,1,heating_and_melting,3.43620968668928e-07,2.70291914942963e-10,6.17168763689016e-12,1.83922539218657e-12
0.0496,1043.00551360651,1,heating_and_melting,3.504720176176e-07,2.70217625554516e-10,6.29487872975018e-12,1.87593758493026e-12
0.0497,1047.5249090349,1,heating_and_melting,3.5716769878188e-07,2.70145017646856e-10,6.41528149092315e-12,1.91181882660475e-12
0.0498,1051.95700307264,1,heating_and_melting,3.63710498752683e-07,2.70074064446652e-10,6.53294031754391e-12,1.94688234800566e-12
0.0499,1056.30698676453,1,heating_and_melting,3.70110036273257e-07,2.70004661870966e-10,6.64802780614618e-12,1.98117958464723e-12
0.05,1060.58364094307,1,heating_and_melting,3.763830622392e-07,2.69936628527251e-10,6.76084475266259e-12,2.01480017676237e-12
0.0501,1064.79931676045,1,heating_and_melting,3.82553459698404e-07,2.69869705713356e-10,6.87182015242464e-12,2.04787196930261e-12
0.0502,1068.96928353465,1,heating_and_melting,3.88650991170045e-07,2.69803570990371e-10,6.98148869285688e-12,2.08055430453315e-12
0.0503,1073.08963251369,1,heating_and_melting,3.94667597776631e-07,2.69738311702423e-10,7.08970553471729e-12,2.11280401889364e-12
0.0504,1077.15576680209,1,heating_and_melting,4.00593847292951e-07,2.69674030104533e-10,7.19630111263858e-12,2.14457058018812e-12
0.0505,1081.16975926282,1,heating_and_melting,4.06433507348158e-07,2.6961068543445e-10,7.30134302101169e-12,2.17587413222934e-12
0.0506,1085.13358177899,1,heating_and_melting,4.12190167462366e-07,2.69548238856864e-10,7.40489565886577e-12,2.20673386657991e-12
0.0507,1089.04910604548,1,heating_and_melting,4.17867239046607e-07,2.69486653463399e-10,7.50702022986822e-12,2.23716802255228e-12
0.0508,1092.91810432734,1,heating_and_melting,4.23467955402861e-07,2.69425894272618e-10,7.60777474232471e-12,2.26719388720877e-12
0.0509,1096.7422501871,1,heating_and_melting,4.28995371724067e-07,2.69365928230019e-10,7.70721400917912e-12,2.29682779536151e-12
0.051,1100.52311918286,1,heating_and_melting,4.34452365094076e-07,2.69306724208039e-10,7.80538964801359e-12,2.32608512957253e-12
0.0511,1104.26218953911,1,heating_and_melting,4.39841634487703e-07,2.69248253006051e-10,7.9023500810485e-12,2.35498032015367e-12
0.0512,1107.9608427918,1,heating_and_melting,4.45165700770684e-07,2.69190487350366e-10,7.99814053514246e-12,2.38352684516664e-12
0.0513,1111.62036440943,1,heating_and_melting,4.50426906699706e-07,2.69133401894229e-10,8.09280304179237e-12,2.41173723042299e-12
0.0514,1115.24194439159,1,heating_and_melting,4.55627416922393e-07,2.69076973217826e-10,8.18637643713332e-12,2.43962304948413e-12
0.0515,1118.82667784623,1,heating_and_melting,4.60769217977304e-07,2.69021179828277e-10,8.27889636193867e-12,2.46719492366131e-12
0.0516,1122.37556554715,1,heating_and_melting,4.65854118293958e-07,2.68966002159639e-10,8.37039526162002e-12,2.49446252201563e-12
0.0517,1125.89002779376,1,heating_and_melting,4.70884772709776e-07,2.68911411488916e-10,8.46092076636616e-12,2.52144003882552e-12
0.0518,1129.37158163849,1,heating_and_melting,4.75864041785099e-07,2.68857376867477e-10,8.55052419703742e-12,2.54814276822689e-12
0.0519,1132.82090102965,1,heating_and_melting,4.80793113058534e-07,2.68803885446724e-10,8.63922685994642e-12,2.57457705971657e-12
0.052,1136.23863873787,1,heating_and_melting,4.85673137851584e-07,2.68750924769896e-10,8.72704941163999e-12,2.60074906915462e-12
0.0521,1139.6254342486,1,heating_and_melting,4.9050524678939e-07,2.68698482604148e-10,8.81401213734631e-12,2.62666484174441e-12
0.0522,1142.98191386734,1,heating_and_melting,4.9529054980078e-07,2.6864654694056e-10,8.90013495097493e-12,2.65233031203255e-12
0.0523,1146.30869082192,1,heating_and_melting,5.00030136118229e-07,2.68595105994131e-10,8.98543739511677e-12,2.67775130390898e-12
0.0524,1149.60636536215,1,heating_and_melting,5.04725074277854e-07,2.68544148203781e-10,9.06993864104409e-12,2.7029335306069e-12
0.0525,1152.87552485664,1,heating_and_melting,5.09376412119456e-07,2.68493662232351e-10,9.15365748871054e-12,2.72788259470282e-12
0.0526,1156.11674388723,1,heating_and_melting,5.1398517678647e-07,2.68443636966601e-10,9.23661236675114e-12,2.75260398811651e-12
0.0527,1159.33058434075,1,heating_and_melting,5.18552374725994e-07,2.68394061517214e-10,9.31882133248227e-12,2.77710309211107e-12
0.0528,1162.51759549849,1,heating_and_melting,5.23078991688788e-07,2.68344925218792e-10,9.40030207190166e-12,2.80138517729284e-12
0.0529,1165.67831412324,1,heating_and_melting,5.27565992729271e-07,2.68296217629859e-10,9.48107189968841e-12,2.82545540361149e-12
0.053,1168.81326454415,1,heating_and_melting,5.32014322205512e-07,2.68247928532859e-10,9.56114775920302e-12,2.84931882035995e-12
0.0531,1171.92295873934,1,heating_and_melting,5.36424903779224e-07,2.68200047934156e-10,9.6405462224873e-12,2.87298036617445e-12
0.0532,1175.00789641645,1,heating_and_melting,5.40798640415815e-07,2.68152566064036e-10,9.71928349026447e-12,2.8964448690345e-12
0.0533,1178.06856509109,1,heating_and_melting,5.45136414384321e-07,2.68105473376705e-10,9.7973753919391e-12,2.91971704626292e-12
0.0534,1181.10544016337,1,heating_and_melting,5.4943908725743e-07,2.68058760550289e-10,9.87483738559712e-12,2.94280150452578e-12
0.0535,1184.11898499247,1,heating_and_melting,5.53707499911514e-07,2.68012418486836e-10,9.95168455800584e-12,2.96570273983248e-12
0.0536,1187.10965096942,1,heating_and_melting,5.57942472526578e-07,2.67966438312315e-10,1.00279316246139e-11,2.98842513753567e-12
0.0537,1190.07787758805,1,heating_and_melting,5.6214480458629e-07,2.67920811376614e-10,1.01035929295514e-11,3.01097297233132e-12
0.0538,1193.02409251425,1,heating_and_melting,5.6631527487799e-07,2.67875529253542e-10,1.01786824456296e-11,3.03335040825867e-12
0.0539,1195.94871165351,1,heating_and_melting,5.70454641492649e-07,2.6783058374083e-10,1.02532137743414e-11,3.05556149870025e-12
0.054,1198.85213921698,1,heating_and_melting,5.74563641824916e-07,2.67785966860129e-10,1.03272001458609e-11,3.07761018638189e-12
0.0541,1201.73476778579,1,heating_and_melting,5.78642992573092e-07,2.6774167085701e-10,1.04006544190436e-11,3.09950030337268e-12
0.0542,1204.59697837405,1,heating_and_melting,5.82693389739135e-07,2.67697688200966e-10,1.04735890814263e-11,3.12123557108504e-12
0.0543,1207.43914049029,1,heating_and_melting,5.86715508628641e-07,2.67654011585409e-10,1.05460162492273e-11,3.14281960027463e-12
0.0544,1210.26161219753,1,heating_and_melting,5.90710003850891e-07,2.67610633927673e-10,1.06179476673461e-11,3.16425589104044e-12
0.0545,1213.06474017202,1,heating_and_melting,5.94677509318817e-07,2.67567548369013e-10,1.06893947093637e-11,3.18554783282473e-12
0.0546,1215.84885976064,1,heating_and_melting,5.98618638248996e-07,2.67524748274603e-10,1.07603683775425e-11,3.20669870441303e-12
0.0547,1218.61429503708,1,heating_and_melting,6.02533983161682e-07,2.6748222723354e-10,1.08308793028261e-11,3.22771167393421e-12
0.0548,1221.36135885676,1,heating_and_melting,6.06424115880755e-07,2.67439979058839e-10,1.09009377448396e-11,3.24858979886036e-12
0.0549,1224.0903529106,1,heating_and_melting,6.10289587533778e-07,2.67397997787438e-10,1.09705535918893e-11,3.26933602600692e-12
0.055,1226.80156777763,1,heating_and_melting,6.14130928551967e-07,2.67356277680195e-10,1.10397363609632e-11,3.28995319153257e-12
0.0551,1229.49528297657,1,heating_and_melting,6.17948648670182e-07,2.67314813221887e-10,1.11084951977303e-11,3.31044402093931e-12
0.0552,1232.17176701623,1,heating_and_melting,6.21743236926952e-07,2.67273599121215e-10,1.11768388765411e-11,3.33081112907242e-12
0.0553,1234.83127744498,1,heating_and_melting,6.25515161664468e-07,2.67232630310798e-10,1.12447758004275e-11,3.35105702012046e-12
0.0554,1237.47406089921,1,heating_and_melting,6.2926487052857e-07,2.67191901947176e-10,1.13123140011029e-11,3.37118408761529e-12
0.0555,1240.10035315077,1,heating_and_melting,6.32992790468748e-07,2.67151409410811e-10,1.13794611389617e-11,3.39119461443204e-12
0.0556,1242.71037915358,1,heating_and_melting,6.3669932773816e-07,2.67111148306084e-10,1.144622450308e-11,3.41109077278915e-12
0.0557,1245.30435308925,1,heating_and_melting,6.40384867893611e-07,2.67071114461299e-10,1.15126110112151e-11,3.43087462424833e-12
0.0558,1247.88247841187,1,heating_and_melting,6.44049775795589e-07,2.67031303928678e-10,1.15786272098058e-11,3.45054811971459e-12
0.0559,1250.44494789194,1,heating_and_melting,6.47694395608196e-07,2.66991712984366e-10,1.1644279273972e-11,3.47011309943623e-12
0.056,1252.9919436595,1,heating_and_melting,6.51319050799226e-07,2.66952338128427e-10,1.17095730075153e-11,3.48957129300482e-12
0.0561,1255.52363724641,1,heating_and_melting,6.54924044140125e-07,2.66913176084846e-10,1.17745138429184e-11,3.50892431935523e-12
0.0562,1258.04018962796,1,heating_and_melting,6.58509657705985e-07,2.6687422380153e-10,1.18391068413456e-11,3.52817368676562e-12
0.0563,1260.54175126357,1,heating_and_melting,6.62076152875552e-07,2.66835478450305e-10,1.19033566926423e-11,3.54732079285744e-12
0.0564,1263.02846213693,1,heating_and_melting,6.6562377033124e-07,2.66796937426919e-10,1.19672677153355e-11,3.56636692459543e-12
0.0565,1265.50045179527,1,heating_and_melting,6.69152730059126e-07,2.6675859835104e-10,1.20308438566334e-11,3.5853132582876e-12
0.0566,1267.95783938805,1,heating_and_melting,6.7266323134892e-07,2.66720459066256e-10,1.20940886924256e-11,3.60416085958526e-12
0.0567,1270.40073370489,1,heating_and_melting,6.76155452794021e-07,2.66682517640077e-10,1.21570054272833e-11,3.62291068348302e-12
0.0568,1272.82923321289,1,heating_and_melting,6.79629552291461e-07,2.66644772363933e-10,1.22195968944587e-11,3.64156357431875e-12
0.0569,1275.24342609322,1,heating_and_melting,6.83085667041935e-07,2.66607221753175e-10,1.22818655558855e-11,3.66012026577364e-12
0.057,1277.64339027717,1,heating_and_melting,6.86523913549784e-07,2.66569864547075e-10,1.23438135021789e-11,3.67858138087214e-12
0.0571,1280.02934919533,1,heating_and_melting,6.89944702928291e-07,2.66532696297239e-10,1.24054481099297e-11,3.69694911791299e-12
0.0572,1282.40171069343,1,heating_and_melting,6.9334882178114e-07,2.6649570849251e-10,1.24667834928471e-11,3.71522768292445e-12
0.0573,1284.76060203865,1,heating_and_melting,6.96736490671551e-07,2.6645889874628e-10,1.25278236085456e-11,3.73341825531563e-12
0.0574,1287.10614050803,1,heating_and_melting,7.00107910497422e-07,2.66422264884721e-10,1.25885720617981e-11,3.7515219093454e-12
0.0575,1289.43844203919,1,heating_and_melting,7.03463279970786e-07,2.66385804757653e-10,1.26490324181578e-11,3.76953970758469e-12
0.0576,1291.75762123751,1,heating_and_melting,7.06802795617766e-07,2.66349516238552e-10,1.27092082039577e-11,3.78747270091643e-12
0.0577,1294.06379138327,1,heating_and_melting,7.10126651778595e-07,2.66313397224541e-10,1.27691029063108e-11,3.80532192853561e-12
0.0578,1296.35706443864,1,heating_and_melting,7.13435040607635e-07,2.66277445636397e-10,1.28287199731102e-11,3.82308841794926e-12
0.0579,1298.63755105455,1,heating_and_melting,7.16728152073344e-07,2.66241659418547e-10,1.28880628130288e-11,3.84077318497641e-12
0.058,1300.90536057749,1,heating_and_melting,7.2000617395829e-07,2.6620603653907e-10,1.29471347955197e-11,3.85837723374818e-12
0.0581,1303.16060105622,1,heating_and_melting,7.23269291859163e-07,2.66170574989696e-10,1.30059392508156e-11,3.87590155670767e-12
0.0582,1305.40337924839,1,heating_and_melting,7.26517689186759e-07,2.66135272785806e-10,1.30644794699295e-11,3.89334713461005e-12
0.0583,1307.63380062701,1,heating_and_melting,7.29751547165978e-07,2.66100127966434e-10,1.31227587046543e-11,3.91071493652251e-12
0.0584,1309.85196938687,1,heating_and_melting,7.32971044835848e-07,2.66065138594263e-10,1.31807801675629e-11,3.92800591982429e-12
0.0585,1312.05798845088,1,heating_and_melting,7.3617635904949e-07,2.66030302755628e-10,1.3238547032008e-11,3.94522103020664e-12
0.0586,1314.25195947631,1,heating_and_melting,7.39367664474137e-07,2.65995618560516e-10,1.32960624321225e-11,3.96236120167287e-12
0.0587,1316.4339828609,1,heating_and_melting,7.42545133591148e-07,2.65961084142566e-10,1.33533294628191e-11,3.97942735653832e-12
0.0588,1318.60415774896,1,heating_and_melting,7.45708936695983e-07,2.65926697659065e-10,1.34103511797906e-11,3.99642040543036e-12
0.0589,1320.76258203731,1,heating_and_melting,7.48859241898214e-07,2.65892457290956e-10,1.34671305995097e-11,4.01334124728838e-12
0.059,1322.9093523812,1,heating_and_melting,7.51996215121511e-07,2.6585836124283e-10,1.35236706992291e-11,4.03019076936384e-12
0.0591,1325.04456420007,1,heating_and_melting,7.55120020103687e-07,2.6582440774293e-10,1.35799744169814e-11,4.04696984722021e-12
0.0592,1327.16831168333,1,heating_and_melting,7.58230818396631e-07,2.65790595043151e-10,1.36360446515793e-11,4.06367934473301e-12
0.0593,1329.28068779598,1,heating_and_melting,7.61328769366367e-07,2.65756921419038e-10,1.36918842626154e-11,4.08032011408977e-12
0.0594,1331.38178428416,1,heating_and_melting,7.64414030193019e-07,2.65723385169789e-10,1.37474960704624e-11,4.09689299579009e-12
0.0595,1333.47169168069,1,heating_and_melting,7.67486755870827e-07,2.65689984618253e-10,1.38028828562727e-11,4.11339881864557e-12
0.0596,1335.55049931043,1,heating_and_melting,7.70547099208135e-07,2.65656718110929e-10,1.38580473619789e-11,4.12983839977988e-12
0.0597,1337.61829529565,1,heating_and_melting,7.73595210827404e-07,2.65623584017968e-10,1.39129922902935e-11,4.1462125446287e-12
0.0598,1339.6751665613,1,heating_and_melting,7.76631239165201e-07,2.65590580733174e-10,1.3967720304709e-11,4.16252204693975e-12
0.0599,1341.7211988402,1,heating_and_melting,7.79655330472207e-07,2.65557706673998e-10,1.40222340294978e-11,4.17876768877279e-12
0.06,1343.75647667815,1,heating_and_melting,7.82667628813223e-07,2.65524960281548e-10,1.40765360497125e-11,4.19495024049962e-12
0.0601,1345.781083439,1,heating_and_melting,7.85668276067147e-07,2.65492340020579e-10,1.41306289111853e-11,4.21107046080406e-12
0.0602,1347.79510130965,1,heating_and_melting,7.88657411926986e-07,2.65459844379499e-10,1.41845151205287e-11,4.22712909668198e-12
0.0603,1349.79861130492,1,heating_and_melting,7.91635173899872e-07,2.65427471870367e-10,1.42381971451351e-11,4.24312688344129e-12
0.0604,1351.79169327246,1,heating_and_melting,7.94601697307043e-07,2.65395221028893e-10,1.42916774131767e-11,4.2590645447019e-12
0.0605,1353.7744258975,1,heating_and_melting,7.97557115283837e-07,2.6536309041444e-10,1.43449583136059e-11,4.27494279239579e-12
0.0606,1355.74688670761,1,heating_and_melting,8.00501558779724e-07,2.6533107861002e-10,1.43980421961549e-11,4.29076232676698e-12
0.0607,1357.70915207729,1,heating_and_melting,8.03435156558261e-07,2.65299184222297e-10,1.4450931371336e-11,4.30652383637149e-12
0.0608,1359.66129723267,1,heating_and_melting,8.06358035197124e-07,2.65267405881587e-10,1.45036281104414e-11,4.3222279980774e-12
0.0609,1361.60339625596,1,heating_and_melting,8.09270319088116e-07,2.65235742241858e-10,1.45561346455433e-11,4.33787547706482e-12
0.061,1363.53552208997,1,heating_and_melting,8.1217213043714e-07,2.65204191980727e-10,1.46084531694939e-11,4.35346692682591e-12
0.0611,1365.45774654252,1,heating_and_melting,8.15063589264196e-07,2.65172753799464e-10,1.46605858359254e-11,4.36900298916484e-12
0.0611283026997081,1366,1,heating_and_melting,8.15880086846585e-07,2.65163876118513e-10,1.46753073357422e-11,4.37339014513696e-12
0.0621000951322154,1366,1,vaporization,2.61797188754885e-06,2.31779425223619e-10,3.14530562453087e-11,5.23898522842555e-12
0.0630718875647227,1366,1,vaporization,4.57814585883682e-06,1.98047964231597e-10,4.83888851828889e-11,6.11321143035524e-12
0.06404367999723,1366,1,vaporization,6.74948024539638e-06,1.63972922705744e-10,6.54807957454404e-11,6.99596027437657e-12
0.0650154724297373,1366,1,vaporization,9.21934001612726e-06,1.29557062727426e-10,8.27271024737965e-11,7.8871402321702e-12
0.0656708601169721,1366,1,vaporization,1.11418280748695e-05,1.06155854838533e-10,9.44444120344672e-11,8.49286968261645e-12
0.0663262478042069,1366,1,vaporization,1.33106485007399e-05,8.26024198219148e-11,1.06230364176594e-10,9.10234773878395e-12
0.0669816354914418,1366,1,vaporization,1.58963756316568e-05,5.88974914700476e-11,1.18084500788385e-10,9.71554944199229e-12
0.0676370231786766,1366,1,vaporization,1.93271585746239e-05,3.50418384921101e-11,1.30006348837428e-10,1.03324490142016e-11
0.0678362976255881,1366,1,vaporization,2.11547796882165e-05,2.72258132501986e-11,1.33910384663221e-10,1.05345150185241e-11
0.0680355720724997,1366,1,vaporization,2.38442965901619e-05,1.88166716283635e-11,1.38109573149948e-10,1.07518849546266e-11
0.0682348465194112,1366,1,vaporization,2.69641822800915e-05,1.04529132186042e-11,1.42285420101581e-10,1.09680634514984e-11
0.0684341209663228,1366,1,vaporization,3.01558547088915e-05,2.65163876113847e-12,1.46180000975892e-10,1.11696918016603e-11
0.0684532344673273,1366,1,vaporization,3.09474545906005e-05,1.95998613393641e-12,1.4652524558844e-10,1.11875667383791e-11
0.0684723479683318,1366,1,vaporization,3.17117069426924e-05,1.29222814232512e-12,1.46858562979314e-10,1.12048241467574e-11
0.0684914614693364,1366,1,vaporization,3.24491508058488e-05,6.47893804799652e-13,1.47180188243155e-10,1.122147619875e-11
0.0685105749703409,1366,1,vaporization,3.31603203591738e-05,2.65163876108003e-14,1.47490354354302e-10,1.12375349565338e-11
0.0685107532069566,1366,1,vaporization,3.3186888749761e-05,1.99503940767255e-14,1.47493631600655e-10,1.12377046405624e-11
0.0685109314435722,1366,1,vaporization,3.3213448540529e-05,1.33865258636023e-14,1.47496907786209e-10,1.12378742696666e-11
0.0685111096801879,1366,1,vaporization,3.32399997330526e-05,6.82478258224872e-15,1.47500182911158e-10,1.12380438438566e-11
0.0685112879168036,1366,1,vaporization,3.32665423289065e-05,2.65163843515118e-16,1.47503456975696e-10,1.12382133631423e-11
0.0692985057188835,1366,1,vaporization,3.32665423289065e-05,2.65163843515118e-16,1.47503456975696e-10,1.12382133631423e-11
0.0700857235209634,1366,1,vaporization,3.32665423289065e-05,2.65163843515118e-16,1.47503456975696e-10,1.12382133631423e-11
0.0708729413230433,1366,1,vaporization,3.32665423289065e-05,2.65163843515118e-16,1.47503456975696e-10,1.12382133631423e-11
0.0716601591251232,1366,1,vaporization,3.32665423289065e-05,2.65163843515118e-16,1.47503456975696e-10,1.12382133631423e-11
0.0724473769272031,1366,1,vaporization,3.32665423289065e-05,2.65163843515118e-16,1.47503456975696e-10,1.12382133631423e-11
0.073234594729283,1366,1,vaporization,3.32665423289065e-05,2.65163843515118e-16,1.47503456975696e-10,1.12382133631423e-11
0.0740218125313629,1366,1,vaporization,3.32665423289065e-05,2.65163843515118e-16,1.47503456975696e-10,1.12382133631423e-11
0.0748090303334429,1366,1,vaporization,3.32665423289065e-05,2.65163843515118e-16,1.47503456975696e-10,1.12382133631423e-11
0.0755962481355228,1366,1,vaporization,3.32665423289065e-05,2.65163843515118e-16,1.47503456975696e-10,1.12382133631423e-11
0.0763834659376027,1366,1,vaporization,3.32665423289065e-05,2.65163843515118e-16,1.47503456975696e-10,1.12382133631423e-11
0.0771706837396826,1366,1,vaporization,3.32665423289065e-05,2.65163843515118e-16,1.47503456975696e-10,1.12382133631423e-11
0.0779579015417625,1366,1,vaporization,3.32665423289065e-05,2.65163843515118e-16,1.47503456975696e-10,1.12382133631423e-11
0.0787451193438424,1366,1,vaporization,3.32665423289065e-05,2.65163843515118e-16,1.47503456975696e-10,1.12382133631423e-11
0.0795323371459223,1366,1,vaporization,3.32665423289065e-05,2.65163843515118e-16,1.47503456975696e-10,1.12382133631423e-11
0.0803195549480022,1366,1,vaporization,3.32665423289065e-05,2.65163843515118e-16,1.47503456975696e-10,1.12382133631423e-11
0.0811067727500822,1366,1,vaporization,3.32665423289065e-05,2.65163843515118e-16,1.47503456975696e-10,1.12382133631423e-11
0.0818939905521621,1366,1,vaporization,3.32665423289065e-05,2.65163843515118e-16,1.47503456975696e-10,1.12382133631423e-11
0.082681208354242,1366,1,vaporization,3.32665423289065e-05,2.65163843515118e-16,1.47503456975696e-10,1.12382133631423e-11
0.0834684261563219,1366,1,vaporization,3.32665423289065e-05,2.65163843515118e-16,1.47503456975696e-10,1.12382133631423e-11
0.0842556439584018,1366,1,vaporization,3.32665423289065e-05,2.65163843515118e-16,1.47503456975696e-10,1.12382133631423e-11
0.0850428617604817,1366,1,vaporization,3.32665423289065e-05,2.65163843515118e-16,1.47503456975696e-10,1.12382133631423e-11
0.0858300795625616,1366,1,vaporization,3.32665423289065e-05,2.65163843515118e-16,1.47503456975696e-10,1.12382133631423e-11
0.0866172973646415,1366,1,vaporization,3.32665423289065e-05,2.65163843515118e-16,1.47503456975696e-10,1.12382133631423e-11
0.0874045151667215,1366,1,vaporization,3.32665423289065e-05,2.65163843515118e-16,1.47503456975696e-10,1.12382133631423e-11
0.0881917329688014,1366,1,vaporization,3.32665423289065e-05,2.65163843515118e-16,1.47503456975696e-10,1.12382133631423e-11
0.0889789507708813,1366,1,vaporization,3.32665423289065e-05,2.65163843515118e-16,1.47503456975696e-10,1.12382133631423e-11
0.0897661685729612,1366,1,vaporization,3.32665423289065e-05,2.65163843515118e-16,1.47503456975696e-10,1.12382133631423e-11
0.0905533863750411,1366,1,vaporization,3.32665423289065e-05,2.65163843515118e-16,1.47503456975696e-10,1.12382133631423e-11
0.091340604177121,1366,1,vaporization,3.32665423289065e-05,2.65163843515118e-16,1.47503456975696e-10,1.12382133631423e-11
0.0921278219792009,1366,1,vaporization,3.32665423289065e-05,2.65163843515118e-16,1.47503456975696e-10,1.12382133631423e-11
0.0929150397812809,1366,1,vaporization,3.32665423289065e-05,2.65163843515118e-16,1.47503456975696e-10,1.12382133631423e-11
0.0937022575833608,1366,1,vaporization,3.32665423289065e-05,2.65163843515118e-16,1.47503456975696e-10,1.12382133631423e-11
0.0944894753854407,1366,1,vaporization,3.32665423289065e-05,2.65163843515118e-16,1.47503456975696e-10,1.12382133631423e-11
0.0952766931875206,1366,1,vaporization,3.32665423289065e-05,2.65163843515118e-16,1.47503456975696e-10,1.12382133631423e-11
0.0960639109896005,1366,1,vaporization,3.32665423289065e-05,2.65163843515118e-16,1.47503456975696e-10,1.12382133631423e-11
0.0968511287916804,1366,1,vaporization,3.32665423289065e-05,2.65163843515118e-16,1.47503456975696e-10,1.12382133631423e-11
0.0976383465937603,1366,1,vaporization,3.32665423289065e-05,2.65163843515118e-16,1.47503456975696e-10,1.12382133631423e-11
0.0984255643958402,1366,1,vaporization,3.32665423289065e-05,2.65163843515118e-16,1.47503456975696e-10,1.12382133631423e-11
0.0992127821979201,1366,1,vaporization,3.32665423289065e-05,2.65163843515118e-16,1.47503456975696e-10,1.12382133631423e-11
0.1,1366,1,vaporization,3.32665423289065e-05,2.65163843515118e-16,1.47503456975696e-10,1.12382133631423e-11
